,OCUP
999993.0,1251220
700.0,985527
999992.0,782476
800.0,250541
998999.0,180069
99900.0,107986
715210.0,98171
141410.0,75886
62100.0,74922
95100.0,58332
512105.0,57795
98500.0,55916
41000.0,53096
999994.0,52267
782305.0,49395
600.0,40275
354705.0,39902
621005.0,37316
521110.0,36896
999991.0,35492
200.0,34240
622020.0,32824
45100.0,27206
31000.0,25686
514210.0,24722
58300.0,24014
0.0,23177
513205.0,20688
782510.0,20455
914405.0,19929
231210.0,19187
716610.0,18904
241005.0,16920
517330.0,16616
84600.0,15865
93000.0,15420
717020.0,14931
14000.0,14799
725205.0,14607
55100.0,14586
54000.0,14318
763210.0,14229
512120.0,14019
61200.0,13730
517410.0,13225
121010.0,13224
771105.0,12658
252210.0,12402
411005.0,12211
252105.0,11872
517310.0,11692
99200.0,11588
55200.0,10534
622005.0,10482
39300.0,10422
715505.0,10012
516110.0,9640
85000.0,9469
782315.0,9269
79100.0,9151
783225.0,9078
96200.0,8982
231205.0,8876
500.0,8870
214205.0,8833
715615.0,8735
622010.0,8630
53100.0,8369
862150.0,8050
784205.0,8010
724315.0,7970
81100.0,7949
517420.0,7779
322230.0,7759
724440.0,7695
411010.0,7591
99100.0,7427
721215.0,7379
951105.0,7215
782310.0,7172
23000.0,7146
821415.0,7101
95400.0,7071
354605.0,6990
763010.0,6939
413225.0,6573
12100.0,6258
39800.0,6199
141405.0,6155
30000.0,6153
7200.0,6126
49000.0,6086
991305.0,6081
710205.0,6064
223505.0,6043
21210.0,5904
57000.0,5793
724110.0,5592
87300.0,5519
223115.0,5481
58200.0,5216
514120.0,5209
400.0,5135
524205.0,5000
848510.0,4931
524305.0,4851
111415.0,4840
763015.0,4836
782505.0,4819
53200.0,4818
519110.0,4754
99000.0,4658
10310.0,4526
513405.0,4513
848305.0,4461
521135.0,4420
252305.0,4419
39000.0,4401
70100.0,4388
83300.0,4353
39900.0,4294
24000.0,4157
2100.0,4095
83900.0,4056
782410.0,3988
39100.0,3977
512115.0,3946
513425.0,3913
322205.0,3891
87100.0,3888
414105.0,3843
77600.0,3789
911305.0,3761
87200.0,3733
723310.0,3689
44100.0,3611
410105.0,3605
641015.0,3582
612005.0,3537
223208.0,3532
97100.0,3460
33900.0,3442
721105.0,3435
39700.0,3429
142105.0,3346
422105.0,3293
45200.0,3251
421125.0,3192
992225.0,3158
511215.0,3157
516210.0,3136
3400.0,3132
766215.0,3009
516120.0,2829
251205.0,2825
768320.0,2817
992115.0,2785
4000.0,2782
622110.0,2745
92000.0,2736
3000.0,2722
611005.0,2651
6100.0,2648
725010.0,2616
331205.0,2589
80100.0,2587
521130.0,2586
514225.0,2578
75400.0,2567
512110.0,2533
43200.0,2524
262105.0,2514
11000.0,2506
517405.0,2467
313215.0,2438
84500.0,2363
783220.0,2358
99600.0,2357
33100.0,2315
32100.0,2282
333115.0,2246
763005.0,2188
263105.0,2132
334110.0,2130
251510.0,2061
90200.0,2059
422205.0,2054
422310.0,2033
223405.0,2025
142305.0,1995
261125.0,1988
19600.0,1945
214305.0,1932
782220.0,1922
59900.0,1915
239415.0,1889
79900.0,1877
111410.0,1850
761309.0,1820
516105.0,1814
212405.0,1813
514215.0,1810
421310.0,1805
21205.0,1785
521125.0,1767
79600.0,1754
23400.0,1740
95200.0,1736
262405.0,1732
716305.0,1696
98700.0,1642
142320.0,1624
414215.0,1619
60000.0,1590
83200.0,1586
232115.0,1584
253115.0,1583
6300.0,1583
93900.0,1567
517215.0,1548
95500.0,1531
519205.0,1516
39400.0,1499
99400.0,1496
213205.0,1487
75900.0,1486
351105.0,1466
391205.0,1438
99300.0,1427
724515.0,1415
261805.0,1409
251605.0,1400
313130.0,1385
214105.0,1369
414210.0,1368
31400.0,1367
354505.0,1350
914305.0,1338
89200.0,1331
516205.0,1315
783110.0,1294
3900.0,1294
991315.0,1293
716405.0,1292
848310.0,1287
342405.0,1284
262710.0,1278
763215.0,1267
56000.0,1267
24300.0,1250
521115.0,1239
36000.0,1237
214405.0,1235
413220.0,1231
413210.0,1225
517315.0,1223
17100.0,1199
411030.0,1198
521105.0,1171
761303.0,1155
517325.0,1142
351810.0,1132
222110.0,1111
715305.0,1082
774105.0,1081
3800.0,1062
14900.0,1061
38000.0,1042
631210.0,1036
412205.0,1035
768105.0,1029
66500.0,1022
331105.0,988
314110.0,984
623110.0,973
514105.0,971
519935.0,970
371310.0,939
752105.0,934
413110.0,928
42100.0,926
862120.0,926
354205.0,926
752305.0,925
31100.0,924
314620.0,921
313315.0,894
782405.0,886
15200.0,870
351405.0,868
61100.0,867
515110.0,867
242305.0,861
16300.0,851
84200.0,849
764005.0,848
9100.0,847
761306.0,846
34200.0,839
322410.0,834
6700.0,822
415205.0,803
351605.0,793
99800.0,762
724410.0,761
423105.0,751
64100.0,744
514205.0,739
715315.0,736
252540.0,724
8300.0,723
391115.0,721
21110.0,720
510125.0,719
313220.0,714
3600.0,713
513210.0,705
3500.0,695
751125.0,690
95700.0,686
514115.0,680
97900.0,676
511205.0,671
782620.0,665
991405.0,663
516305.0,663
351425.0,659
953115.0,656
223305.0,653
516115.0,652
768110.0,650
313105.0,649
94000.0,645
782610.0,643
352210.0,642
716525.0,642
313205.0,638
514110.0,633
513315.0,633
351505.0,630
613005.0,628
424125.0,626
721325.0,624
721210.0,622
123105.0,622
44000.0,622
314115.0,621
214505.0,619
312320.0,617
334105.0,611
715230.0,604
773355.0,596
513435.0,596
524105.0,595
223605.0,594
318005.0,591
231105.0,590
19400.0,589
111220.0,583
910105.0,582
261205.0,582
724435.0,578
141205.0,558
765110.0,557
523115.0,554
261715.0,550
84900.0,550
324115.0,549
784105.0,545
783210.0,540
515215.0,539
422305.0,538
353235.0,537
111405.0,535
262705.0,531
342205.0,527
515225.0,526
312105.0,526
723320.0,523
131310.0,523
96900.0,521
311105.0,518
24100.0,514
342210.0,508
37000.0,504
141615.0,504
413205.0,504
352310.0,502
412110.0,501
88000.0,499
84300.0,499
333105.0,495
221105.0,494
42200.0,493
715610.0,493
421105.0,490
768605.0,490
516345.0,487
848315.0,486
252405.0,483
223710.0,482
524210.0,474
212415.0,473
95900.0,473
252205.0,472
16100.0,470
84000.0,467
722205.0,467
822120.0,465
782705.0,458
724405.0,454
410205.0,453
141415.0,451
725705.0,450
732105.0,447
622610.0,444
632615.0,441
15300.0,441
992205.0,439
631020.0,437
252545.0,436
83100.0,434
631105.0,433
828110.0,430
515105.0,426
712225.0,423
354145.0,420
92100.0,420
741125.0,417
351420.0,417
98600.0,416
914425.0,413
520110.0,411
58900.0,411
766250.0,411
516135.0,410
3300.0,406
2400.0,400
5300.0,391
75600.0,386
16200.0,384
131305.0,383
314410.0,379
142115.0,378
87000.0,376
782120.0,372
142205.0,371
85500.0,371
761345.0,370
318505.0,364
313120.0,361
421305.0,358
39200.0,357
99500.0,355
724415.0,355
7600.0,351
331110.0,348
623105.0,348
19300.0,346
98100.0,346
516325.0,345
79500.0,345
321105.0,343
354815.0,342
234505.0,336
414205.0,334
89100.0,333
1100.0,333
254410.0,331
342535.0,327
123605.0,323
517210.0,322
254105.0,321
318810.0,320
761410.0,319
763325.0,314
214310.0,313
261420.0,312
317110.0,308
31210.0,308
411020.0,307
111325.0,307
919205.0,306
351115.0,305
31300.0,305
13100.0,305
841408.0,302
30900.0,297
353230.0,295
234520.0,293
411025.0,290
622420.0,288
92200.0,288
234624.0,284
141705.0,283
262905.0,282
262410.0,282
8400.0,281
715205.0,281
239405.0,281
71100.0,278
262505.0,277
263110.0,276
317210.0,276
123305.0,274
413230.0,273
93100.0,269
413115.0,269
97300.0,267
823315.0,266
24200.0,264
515210.0,264
768205.0,263
318510.0,261
114305.0,257
513420.0,254
724205.0,253
215305.0,253
354125.0,252
783215.0,251
3100.0,251
318805.0,249
516405.0,248
513115.0,248
79400.0,246
950205.0,242
773110.0,242
21300.0,240
641010.0,240
325110.0,239
39600.0,238
761327.0,238
422215.0,236
516330.0,235
919310.0,233
262610.0,233
31200.0,233
99700.0,232
253105.0,231
318010.0,231
821305.0,231
212420.0,230
723330.0,229
4100.0,227
6500.0,226
231315.0,223
85400.0,223
353225.0,222
914105.0,221
251120.0,221
332105.0,221
142405.0,219
301105.0,217
232120.0,216
2300.0,216
822115.0,215
7700.0,213
768625.0,209
715120.0,209
59100.0,208
516610.0,206
517220.0,205
517415.0,204
252525.0,203
223620.0,202
239430.0,202
322225.0,201
30100.0,201
92600.0,199
775115.0,199
519940.0,198
716510.0,197
516505.0,196
911205.0,195
254310.0,194
992210.0,194
214365.0,194
766205.0,193
79700.0,192
510310.0,192
760120.0,191
764305.0,191
20305.0,191
19100.0,190
10210.0,190
517110.0,190
313415.0,189
721410.0,188
782515.0,188
821405.0,187
351305.0,186
5100.0,185
763020.0,184
142210.0,181
85700.0,181
715525.0,181
31205.0,180
58100.0,180
7100.0,178
813125.0,177
214120.0,177
141305.0,176
765235.0,176
322110.0,172
721430.0,172
313310.0,171
318610.0,169
919105.0,167
20205.0,166
15900.0,165
351740.0,165
321110.0,165
253305.0,165
354110.0,164
214610.0,161
18200.0,161
420135.0,161
254405.0,161
214410.0,160
7900.0,160
32300.0,160
375105.0,159
31900.0,157
723315.0,157
223610.0,156
622505.0,155
342610.0,153
97400.0,152
142415.0,152
721425.0,152
513215.0,151
715545.0,151
314405.0,151
234915.0,149
33200.0,149
763110.0,148
763205.0,148
715125.0,148
19200.0,148
213210.0,148
72800.0,147
524215.0,147
414110.0,147
52000.0,146
75200.0,146
253120.0,145
111120.0,145
828105.0,145
21105.0,145
353205.0,144
782805.0,144
72900.0,144
322220.0,144
516415.0,143
782110.0,143
613305.0,143
39500.0,143
511105.0,142
351110.0,141
354120.0,141
511405.0,140
523110.0,140
354820.0,140
782130.0,140
623015.0,140
223410.0,140
123110.0,140
322415.0,138
782415.0,138
725015.0,137
632120.0,137
141505.0,137
376315.0,137
261305.0,137
773120.0,136
141510.0,136
123115.0,136
514220.0,135
773325.0,135
239410.0,135
142315.0,134
50000.0,133
722105.0,133
232105.0,133
214125.0,132
773405.0,132
85600.0,131
717015.0,131
12900.0,130
848520.0,130
232110.0,130
818105.0,130
725105.0,130
77300.0,129
123410.0,129
519320.0,129
911110.0,128
422315.0,127
17300.0,127
204105.0,126
372210.0,126
223132.0,126
223110.0,126
766315.0,125
725505.0,125
411045.0,125
2900.0,125
241040.0,124
242235.0,124
919110.0,124
510105.0,124
231335.0,124
19500.0,124
212315.0,123
711215.0,122
351410.0,121
214905.0,120
313115.0,120
724115.0,120
261110.0,120
44200.0,119
241335.0,119
782210.0,119
214805.0,119
622305.0,119
10205.0,119
301110.0,119
20110.0,119
311605.0,117
312210.0,117
213405.0,117
6800.0,117
821450.0,116
234810.0,116
914415.0,116
751010.0,116
2500.0,116
622205.0,115
351815.0,115
20310.0,114
721115.0,114
622105.0,113
623020.0,112
716520.0,112
821205.0,110
141605.0,110
763105.0,110
19900.0,110
322420.0,109
623115.0,109
354810.0,107
231110.0,107
65100.0,106
300305.0,106
314125.0,106
623005.0,106
377110.0,105
840105.0,105
710210.0,105
414115.0,104
517205.0,104
761005.0,104
214420.0,104
223149.0,103
322310.0,103
98000.0,103
84100.0,102
725005.0,102
141710.0,102
73200.0,102
752405.0,102
721315.0,102
313305.0,101
142705.0,101
86200.0,101
519915.0,101
752430.0,100
92900.0,100
351430.0,99
80200.0,98
519905.0,98
519925.0,98
242405.0,98
254205.0,98
632205.0,98
391215.0,98
318015.0,97
251530.0,96
720155.0,96
782205.0,95
318405.0,94
254305.0,94
782625.0,93
811820.0,93
411015.0,93
234616.0,93
75300.0,93
3700.0,93
391125.0,93
20105.0,92
721225.0,92
715115.0,92
77100.0,92
7500.0,92
848515.0,92
715410.0,92
510110.0,91
848325.0,91
213105.0,91
9200.0,90
510135.0,89
262620.0,89
520105.0,89
823305.0,89
18100.0,89
377105.0,88
516335.0,88
311625.0,88
764210.0,88
212410.0,87
241220.0,87
715215.0,87
613405.0,87
516125.0,87
763310.0,87
83500.0,86
83600.0,86
515120.0,86
242210.0,86
261515.0,86
841810.0,86
913115.0,86
21400.0,86
720215.0,85
333110.0,85
67100.0,84
911325.0,84
731135.0,84
760305.0,84
724510.0,84
715145.0,84
782115.0,84
313410.0,84
861110.0,83
324205.0,83
13000.0,82
314105.0,82
622210.0,82
622015.0,82
415210.0,81
322305.0,81
354135.0,81
261120.0,81
63500.0,81
954105.0,81
234410.0,80
376215.0,80
354210.0,80
342305.0,80
261215.0,80
262615.0,80
841420.0,80
761324.0,80
351715.0,79
784110.0,79
65900.0,79
21100.0,79
231310.0,79
325105.0,79
783105.0,78
317205.0,78
224135.0,78
841416.0,77
97200.0,77
252515.0,77
232140.0,77
632605.0,77
251550.0,77
722315.0,77
765310.0,76
314120.0,76
768610.0,76
223140.0,75
914410.0,75
422210.0,75
76100.0,75
511110.0,75
215105.0,74
95300.0,74
711405.0,74
17000.0,74
374420.0,73
90300.0,73
342310.0,73
83400.0,73
823210.0,72
261520.0,72
114205.0,72
763320.0,72
214110.0,72
420105.0,72
722215.0,71
731150.0,71
318605.0,71
75500.0,71
317105.0,71
421315.0,71
862105.0,70
712220.0,70
261140.0,70
731165.0,70
717010.0,70
17900.0,70
715405.0,70
234510.0,70
372115.0,69
224120.0,69
233105.0,69
10215.0,69
214915.0,69
15100.0,69
74900.0,69
860105.0,69
911105.0,69
911120.0,68
770110.0,68
516340.0,68
415130.0,68
513305.0,68
954210.0,68
17500.0,68
725020.0,68
391210.0,68
313125.0,67
223129.0,67
342505.0,67
862110.0,66
231305.0,66
731325.0,66
342410.0,66
54100.0,66
773315.0,66
98400.0,66
823215.0,66
992105.0,65
375110.0,65
123805.0,65
784115.0,65
711210.0,65
354305.0,65
80300.0,65
35100.0,64
312305.0,64
371105.0,64
818110.0,63
201105.0,63
725415.0,63
122305.0,63
513105.0,63
351705.0,63
371410.0,63
45300.0,63
391230.0,63
641005.0,62
760310.0,62
252310.0,62
374120.0,62
123205.0,62
715220.0,61
58400.0,61
766155.0,61
253215.0,61
722220.0,61
262830.0,60
77400.0,60
20115.0,60
724220.0,60
141115.0,60
811745.0,60
519910.0,59
422120.0,59
352205.0,59
354805.0,59
351415.0,59
232155.0,59
314615.0,59
519105.0,58
233210.0,58
331305.0,58
724325.0,58
720150.0,58
351720.0,57
521120.0,57
766230.0,57
954125.0,57
712205.0,57
711110.0,57
376305.0,57
511210.0,57
239425.0,57
223146.0,57
771110.0,57
782710.0,57
731320.0,57
262205.0,56
760405.0,56
811310.0,56
410235.0,56
251220.0,56
760105.0,56
214360.0,56
741120.0,55
142530.0,55
341310.0,55
318205.0,55
342315.0,55
223310.0,55
318815.0,55
766145.0,55
813130.0,54
950110.0,54
81900.0,54
725210.0,54
374305.0,54
201205.0,54
222105.0,54
314210.0,54
730105.0,53
214215.0,53
60100.0,53
711230.0,53
141420.0,53
412105.0,53
848505.0,53
782105.0,52
223106.0,52
763305.0,52
848525.0,52
311710.0,52
412115.0,52
300.0,52
231340.0,51
341105.0,51
111345.0,51
716105.0,51
511220.0,51
64300.0,51
841484.0,51
720110.0,51
17200.0,50
410230.0,50
732110.0,50
766320.0,50
732125.0,50
765105.0,50
59200.0,50
725510.0,50
263115.0,50
951305.0,50
631205.0,49
517115.0,49
813105.0,49
75100.0,49
325205.0,49
261720.0,48
223153.0,48
71900.0,48
354130.0,48
821220.0,48
314610.0,48
253110.0,48
421205.0,48
211205.0,47
775105.0,47
374110.0,47
954120.0,47
911320.0,47
764205.0,47
510205.0,47
724505.0,47
3200.0,46
811005.0,46
324210.0,46
342110.0,46
760110.0,46
215150.0,46
782815.0,46
722320.0,46
954205.0,46
862205.0,46
373105.0,46
991310.0,46
783205.0,46
241015.0,45
833110.0,45
761425.0,45
92500.0,45
721220.0,45
141720.0,45
422320.0,45
422110.0,45
311715.0,45
524310.0,45
768305.0,45
821215.0,45
122205.0,45
723225.0,45
721415.0,44
342115.0,44
510120.0,44
251215.0,44
231325.0,44
10315.0,44
373205.0,44
354140.0,44
751110.0,43
722410.0,43
142410.0,43
232145.0,43
914110.0,42
141515.0,42
773345.0,42
142520.0,42
211115.0,42
31110.0,42
84400.0,42
723215.0,42
262810.0,42
43100.0,42
17400.0,42
862505.0,42
203520.0,42
141110.0,41
322105.0,41
768325.0,41
376225.0,41
516310.0,41
951310.0,41
761205.0,41
622410.0,41
766305.0,41
77700.0,40
251225.0,40
231320.0,40
721205.0,40
623310.0,40
251305.0,40
92400.0,40
353215.0,40
35400.0,40
523105.0,40
214425.0,40
620105.0,40
720135.0,40
723220.0,40
262110.0,39
761357.0,39
261730.0,39
261525.0,39
212310.0,39
715135.0,39
411040.0,39
862305.0,39
261410.0,39
623125.0,39
711245.0,38
224125.0,38
811410.0,38
142515.0,38
722225.0,38
232135.0,38
223204.0,38
85900.0,38
752230.0,38
715130.0,38
811715.0,38
751020.0,38
715140.0,38
632125.0,38
313320.0,38
623305.0,38
351805.0,38
252510.0,37
780105.0,37
318410.0,37
513430.0,37
374205.0,37
766420.0,37
766405.0,37
911310.0,37
732120.0,37
71500.0,37
1200.0,37
313210.0,37
813115.0,37
811415.0,36
253125.0,36
760125.0,36
612605.0,36
212305.0,36
214510.0,36
64200.0,36
731145.0,36
848110.0,36
98300.0,36
715530.0,36
722115.0,36
222120.0,35
517105.0,35
262605.0,35
323105.0,35
223104.0,35
351310.0,35
223144.0,35
223232.0,35
715510.0,35
715705.0,35
711225.0,35
761240.0,35
64900.0,35
752110.0,35
342105.0,35
813110.0,34
782615.0,34
910205.0,34
261605.0,34
252530.0,34
342605.0,34
782605.0,34
341315.0,34
731110.0,34
254110.0,34
311505.0,34
5200.0,33
622310.0,33
622425.0,33
751120.0,33
517305.0,33
300105.0,33
421110.0,33
252215.0,33
352305.0,33
724420.0,33
833120.0,33
516315.0,33
612110.0,32
123310.0,32
954305.0,32
768710.0,32
752210.0,32
752205.0,32
725305.0,32
992120.0,32
766120.0,32
914205.0,32
811630.0,32
732130.0,32
262330.0,32
823330.0,32
251610.0,32
111330.0,32
620110.0,32
63900.0,32
317115.0,32
65200.0,31
722330.0,31
715105.0,31
223124.0,31
782820.0,31
716515.0,31
811105.0,31
991415.0,31
832135.0,31
114105.0,31
762205.0,31
720125.0,31
332205.0,31
752320.0,31
420110.0,31
773105.0,30
410220.0,30
72500.0,30
422125.0,30
513220.0,30
840120.0,30
519305.0,30
141715.0,30
731175.0,30
768705.0,30
14200.0,30
122710.0,30
841805.0,30
421115.0,30
215210.0,30
766310.0,30
731155.0,30
613110.0,30
765405.0,30
374125.0,30
18900.0,30
63100.0,30
811770.0,29
111250.0,29
862155.0,29
632215.0,29
721110.0,29
422220.0,29
725225.0,29
67300.0,29
766105.0,28
991105.0,28
372110.0,28
233225.0,28
342120.0,28
318305.0,28
82000.0,28
322405.0,28
710225.0,28
232130.0,28
511115.0,28
720115.0,28
114405.0,28
773215.0,28
913105.0,28
848405.0,28
841505.0,28
766210.0,27
715715.0,27
721310.0,27
2700.0,27
313110.0,27
241230.0,27
752330.0,27
64400.0,27
251105.0,27
612410.0,27
87400.0,27
711320.0,27
910130.0,27
716205.0,27
760605.0,27
821435.0,27
832125.0,27
354405.0,27
72400.0,26
252505.0,26
142505.0,26
30200.0,26
516320.0,26
862515.0,26
373220.0,26
352320.0,26
622805.0,26
761805.0,26
391105.0,26
131115.0,26
768310.0,26
732115.0,26
622115.0,26
251505.0,26
715225.0,26
725410.0,26
23500.0,26
612305.0,26
517320.0,25
141610.0,25
215115.0,25
351510.0,25
723120.0,25
10305.0,25
731315.0,25
513225.0,25
203105.0,25
742105.0,25
950105.0,25
202105.0,25
376410.0,25
223272.0,25
777205.0,25
860115.0,25
314605.0,25
203225.0,25
44300.0,25
371305.0,25
322240.0,24
766125.0,24
317120.0,24
911115.0,24
122405.0,24
14400.0,24
74400.0,24
773320.0,24
763115.0,24
122105.0,24
322605.0,24
253225.0,24
820125.0,24
723325.0,24
262120.0,23
766235.0,23
318705.0,23
911315.0,23
711130.0,23
771115.0,23
768210.0,23
234632.0,23
813120.0,23
8200.0,23
214315.0,23
612405.0,23
314310.0,23
781705.0,23
318105.0,23
762315.0,23
513310.0,23
513410.0,23
784120.0,23
716615.0,23
254420.0,23
142310.0,23
85100.0,23
841610.0,22
377130.0,22
720205.0,22
919315.0,22
201110.0,22
254415.0,22
919305.0,22
716605.0,22
351725.0,22
782125.0,22
318115.0,22
519805.0,22
374135.0,22
214320.0,22
215130.0,22
731120.0,22
821105.0,22
353210.0,22
722415.0,22
841105.0,22
22100.0,22
515115.0,22
811110.0,22
711325.0,22
4200.0,22
223545.0,22
841315.0,21
262220.0,21
211110.0,21
412120.0,21
214430.0,21
314715.0,21
214910.0,21
731180.0,21
761315.0,21
761230.0,21
351315.0,21
773415.0,21
720105.0,21
424105.0,21
711205.0,21
251210.0,21
351730.0,21
841620.0,21
720210.0,21
241330.0,21
71300.0,21
861105.0,20
241225.0,20
223142.0,20
391225.0,20
131210.0,20
261705.0,20
761430.0,20
420130.0,20
314205.0,20
262315.0,20
215110.0,20
262310.0,20
770105.0,20
34100.0,20
322235.0,20
13900.0,20
716315.0,20
766245.0,20
811115.0,19
21200.0,19
914420.0,19
612505.0,19
741105.0,19
223117.0,19
861205.0,19
420115.0,19
612105.0,19
215120.0,19
241315.0,19
764115.0,19
810110.0,19
234405.0,19
821445.0,19
234310.0,19
722305.0,19
840110.0,19
613115.0,19
234805.0,19
642015.0,19
314305.0,19
261505.0,19
510115.0,18
765005.0,18
992220.0,18
376110.0,18
516705.0,18
8100.0,18
410225.0,18
765315.0,18
761215.0,18
19700.0,18
761321.0,18
715725.0,18
312205.0,18
710215.0,18
215205.0,18
223118.0,18
711105.0,18
223240.0,18
223147.0,18
374405.0,18
631325.0,18
841456.0,18
261725.0,18
723235.0,18
234515.0,17
712135.0,17
94200.0,17
642005.0,17
411035.0,17
764105.0,17
311410.0,17
7400.0,17
121005.0,17
86100.0,17
761354.0,17
915210.0,17
262115.0,17
322215.0,17
642010.0,17
777210.0,17
762210.0,17
731305.0,17
622320.0,17
353220.0,17
311705.0,17
214715.0,17
318110.0,17
413105.0,17
141730.0,17
841115.0,17
622405.0,17
316330.0,16
96100.0,16
223705.0,16
30305.0,16
725405.0,16
113010.0,16
832110.0,16
377220.0,16
711115.0,16
720140.0,16
910115.0,16
823325.0,16
715110.0,16
223128.0,16
810105.0,16
913120.0,16
773510.0,16
341205.0,16
762345.0,16
716215.0,16
773340.0,16
351710.0,16
773115.0,16
234120.0,16
752235.0,16
768130.0,16
823125.0,16
341120.0,16
214515.0,16
234910.0,16
372205.0,16
821225.0,16
720130.0,16
318420.0,16
92700.0,16
341110.0,16
375115.0,16
261820.0,16
915115.0,16
915105.0,16
322505.0,16
234668.0,16
731205.0,16
241215.0,16
311720.0,16
2800.0,16
234745.0,15
761250.0,15
261815.0,15
261530.0,15
717005.0,15
34300.0,15
142510.0,15
820105.0,15
715710.0,15
915305.0,15
953105.0,15
519315.0,15
823265.0,15
811510.0,15
223112.0,15
910910.0,15
373215.0,15
732135.0,15
740105.0,15
212210.0,15
841715.0,15
232125.0,15
232165.0,15
510130.0,15
782715.0,15
234210.0,15
311515.0,15
251405.0,15
622810.0,15
233215.0,15
203015.0,15
410215.0,14
752420.0,14
741110.0,14
721320.0,14
70400.0,14
777105.0,14
782810.0,14
773335.0,14
214335.0,14
262125.0,14
73300.0,14
30205.0,14
391135.0,14
234815.0,14
782145.0,14
395105.0,14
89500.0,14
311305.0,14
631420.0,14
833105.0,14
720220.0,14
752410.0,14
223116.0,14
234664.0,14
354410.0,14
223105.0,14
261610.0,14
811425.0,14
991115.0,14
513415.0,14
776420.0,14
724105.0,14
354415.0,14
322210.0,14
131205.0,14
85200.0,14
234735.0,14
821440.0,14
722110.0,14
391110.0,14
233115.0,14
252315.0,14
316305.0,14
715515.0,14
421120.0,14
94100.0,13
775110.0,13
811710.0,13
314730.0,13
420125.0,13
833125.0,13
214355.0,13
223156.0,13
261310.0,13
311205.0,13
631405.0,13
215315.0,13
725420.0,13
95600.0,13
131105.0,13
234105.0,13
233120.0,13
234730.0,13
724310.0,13
910125.0,13
724210.0,13
377135.0,13
223125.0,13
761333.0,13
241020.0,13
773305.0,13
823230.0,13
261105.0,13
513110.0,13
731160.0,13
142525.0,13
261710.0,13
203020.0,13
612320.0,13
212205.0,13
710120.0,13
919115.0,13
81200.0,13
761330.0,13
760505.0,13
860110.0,13
35300.0,13
761312.0,12
950305.0,12
2200.0,12
342530.0,12
910110.0,12
373125.0,12
73900.0,12
716110.0,12
832105.0,12
841110.0,12
711315.0,12
632515.0,12
223157.0,12
77800.0,12
234205.0,12
203125.0,12
751115.0,12
712230.0,12
131320.0,12
765205.0,12
223111.0,12
768315.0,12
328110.0,12
623120.0,12
2600.0,12
241320.0,12
241210.0,12
761225.0,12
233110.0,12
10110.0,12
300110.0,12
10105.0,12
811815.0,12
953110.0,12
301205.0,12
421210.0,12
910905.0,12
768115.0,12
821320.0,12
622315.0,12
841710.0,12
420120.0,12
316325.0,12
215145.0,12
821425.0,12
23800.0,12
722325.0,12
131110.0,12
322115.0,11
515205.0,11
725025.0,11
766140.0,11
820205.0,11
823135.0,11
321305.0,11
833205.0,11
519310.0,11
725310.0,11
73400.0,11
262210.0,11
223256.0,11
251115.0,11
321210.0,11
724130.0,11
731125.0,11
761348.0,11
262305.0,11
761105.0,11
341215.0,11
630110.0,11
519930.0,11
777110.0,11
301115.0,11
223148.0,11
214605.0,11
862140.0,11
373110.0,11
784125.0,11
214210.0,11
241010.0,11
214340.0,11
761810.0,11
122620.0,11
341115.0,11
716535.0,11
513325.0,11
239205.0,11
731130.0,11
90100.0,11
74600.0,11
142605.0,11
318415.0,11
762005.0,11
376415.0,11
725215.0,11
234445.0,11
515220.0,11
724320.0,11
766415.0,11
234450.0,11
765010.0,11
766325.0,11
261135.0,11
211105.0,11
71400.0,11
623210.0,11
776430.0,11
376405.0,11
66100.0,11
214225.0,10
513320.0,10
223107.0,10
821410.0,10
74500.0,10
391130.0,10
70300.0,10
731170.0,10
223136.0,10
741115.0,10
214220.0,10
316110.0,10
811805.0,10
752415.0,10
203505.0,10
910120.0,10
954115.0,10
213315.0,10
723205.0,10
14300.0,10
763120.0,10
723210.0,10
772105.0,10
723230.0,10
812105.0,10
224130.0,10
752325.0,10
773420.0,10
613420.0,10
223137.0,10
710105.0,10
223155.0,10
710220.0,10
371110.0,10
761220.0,10
415105.0,10
751130.0,10
214115.0,10
848210.0,10
992110.0,10
233205.0,10
761815.0,10
424110.0,10
716310.0,10
768125.0,10
915110.0,10
311615.0,10
234725.0,10
262815.0,10
811305.0,10
212215.0,10
251540.0,10
841320.0,10
131120.0,10
253205.0,10
862405.0,10
712215.0,9
215135.0,9
841605.0,9
821430.0,9
823245.0,9
122510.0,9
251545.0,9
214705.0,9
66400.0,9
761110.0,9
242250.0,9
822110.0,9
622730.0,9
724605.0,9
424115.0,9
762325.0,9
324110.0,9
215220.0,9
313505.0,9
716505.0,9
376235.0,9
413215.0,9
314315.0,9
234715.0,9
203305.0,9
911130.0,9
89900.0,9
234420.0,9
241340.0,9
821110.0,9
324105.0,9
241325.0,9
373120.0,9
215125.0,9
241025.0,9
234705.0,9
223530.0,9
811420.0,9
234760.0,9
724215.0,9
251110.0,9
311725.0,9
516140.0,9
377205.0,9
725220.0,9
123210.0,9
241205.0,9
233130.0,9
14100.0,9
77200.0,9
63600.0,9
314720.0,9
715310.0,9
613215.0,9
72300.0,9
711120.0,9
715540.0,9
622705.0,9
234440.0,9
372105.0,9
612420.0,9
760115.0,9
762310.0,8
761405.0,8
848420.0,8
377120.0,8
241035.0,8
242205.0,8
234612.0,8
632015.0,8
724305.0,8
810305.0,8
341220.0,8
214270.0,8
376250.0,8
721405.0,8
77500.0,8
991410.0,8
415115.0,8
725605.0,8
242220.0,8
122720.0,8
632310.0,8
722310.0,8
214240.0,8
761210.0,8
841310.0,8
66300.0,8
862310.0,8
325015.0,8
241310.0,8
377140.0,8
761415.0,8
831105.0,8
395110.0,8
773210.0,8
214345.0,8
91000.0,8
712210.0,8
30105.0,8
214530.0,8
752425.0,8
724610.0,8
234115.0,8
777115.0,8
234660.0,8
823115.0,8
374310.0,8
241030.0,8
915205.0,8
223615.0,8
377125.0,8
832120.0,8
213305.0,8
234905.0,8
750205.0,8
318310.0,8
234435.0,8
623010.0,8
261810.0,8
203110.0,8
211210.0,8
253210.0,8
142110.0,7
811705.0,7
215140.0,7
762305.0,7
630105.0,7
234110.0,7
913110.0,7
341305.0,7
214325.0,7
766150.0,7
123405.0,7
232170.0,7
822105.0,7
821325.0,7
234415.0,7
342525.0,7
74100.0,7
724225.0,7
723125.0,7
811405.0,7
622120.0,7
342515.0,7
623205.0,7
342510.0,7
122715.0,7
223151.0,7
761260.0,7
715720.0,7
821255.0,7
811130.0,7
751005.0,7
643025.0,7
234770.0,7
915215.0,7
622510.0,7
910210.0,7
74700.0,7
376105.0,7
751105.0,7
342540.0,7
224105.0,7
223212.0,7
223145.0,7
731310.0,7
311610.0,7
214415.0,7
214260.0,7
722405.0,7
239215.0,7
321205.0,7
262215.0,7
31105.0,7
122605.0,7
631015.0,7
715605.0,7
821245.0,7
762220.0,7
823240.0,7
318710.0,7
77900.0,7
377145.0,7
742140.0,7
203210.0,6
766115.0,6
261615.0,6
314705.0,6
242410.0,6
223228.0,6
341230.0,6
766225.0,6
771120.0,6
223520.0,6
111340.0,6
516805.0,6
821330.0,6
24900.0,6
203515.0,6
752225.0,6
516215.0,6
239210.0,6
122505.0,6
766220.0,6
241305.0,6
311510.0,6
424120.0,6
516410.0,6
721305.0,6
811430.0,6
731105.0,6
223122.0,6
761820.0,6
374105.0,6
342545.0,6
318425.0,6
765230.0,6
203205.0,6
233125.0,6
812110.0,6
251520.0,6
724135.0,6
215310.0,6
232150.0,6
376325.0,6
98900.0,6
325305.0,6
841460.0,6
623420.0,6
374130.0,6
841815.0,6
622605.0,6
510305.0,6
711220.0,6
224115.0,6
63200.0,6
391220.0,6
23700.0,6
352420.0,6
341210.0,6
712105.0,6
223260.0,6
316115.0,6
234680.0,6
1900.0,6
141725.0,6
773330.0,6
811125.0,6
781305.0,6
316310.0,6
723105.0,6
374210.0,6
622515.0,6
111115.0,6
821420.0,6
716530.0,5
376245.0,5
831115.0,5
773410.0,5
376310.0,5
122110.0,5
311620.0,5
911125.0,5
830105.0,5
234305.0,5
213155.0,5
811505.0,5
373210.0,5
811640.0,5
612810.0,5
761351.0,5
262805.0,5
391120.0,5
325005.0,5
833115.0,5
261115.0,5
716210.0,5
141735.0,5
712110.0,5
234604.0,5
722235.0,5
376205.0,5
717025.0,5
742130.0,5
122705.0,5
842110.0,5
613010.0,5
752310.0,5
723305.0,5
810205.0,5
261210.0,5
251230.0,5
223244.0,5
821210.0,5
823235.0,5
111225.0,5
223510.0,5
376320.0,5
623410.0,5
320105.0,5
223268.0,5
762215.0,5
752115.0,5
223119.0,5
762340.0,5
352410.0,5
223535.0,5
123705.0,5
823105.0,5
811775.0,5
761336.0,5
233135.0,5
122615.0,5
613210.0,5
811760.0,5
715415.0,5
764110.0,5
731330.0,5
66900.0,5
111105.0,5
122515.0,5
632525.0,5
311110.0,5
772115.0,5
122610.0,5
352415.0,5
311405.0,5
841720.0,5
234672.0,5
752220.0,5
351515.0,4
841615.0,4
63400.0,4
63300.0,4
23200.0,4
223139.0,4
374215.0,4
131315.0,4
841705.0,4
841440.0,4
72100.0,4
761366.0,4
720145.0,4
141105.0,4
223143.0,4
214250.0,4
234628.0,4
612315.0,4
234315.0,4
35200.0,4
725320.0,4
762110.0,4
371205.0,4
612705.0,4
711125.0,4
712115.0,4
311115.0,4
74300.0,4
841305.0,4
214525.0,4
231330.0,4
223248.0,4
723115.0,4
251515.0,4
766240.0,4
232160.0,4
376210.0,4
319205.0,4
811215.0,4
111110.0,4
111320.0,4
516130.0,4
262325.0,4
223220.0,4
215215.0,4
781105.0,4
811645.0,4
848205.0,4
775120.0,4
823255.0,4
111255.0,4
422115.0,4
203525.0,4
763315.0,4
725315.0,4
782720.0,4
773505.0,4
848115.0,4
141520.0,4
752315.0,4
516710.0,4
223101.0,4
203230.0,4
234125.0,4
841740.0,4
612515.0,4
612125.0,4
623320.0,4
632005.0,4
239225.0,4
862130.0,4
768620.0,3
111335.0,3
223113.0,3
821250.0,3
213165.0,3
223127.0,3
30115.0,3
711310.0,3
234765.0,3
742110.0,3
623215.0,3
811650.0,3
234652.0,3
262825.0,3
821235.0,3
632115.0,3
720160.0,3
234455.0,3
214710.0,3
122730.0,3
214810.0,3
761363.0,3
631010.0,3
4300.0,3
203405.0,3
70200.0,3
612805.0,3
72600.0,3
811810.0,3
239420.0,3
7.0,3
811315.0,3
612740.0,3
751015.0,3
740110.0,3
781110.0,3
841472.0,3
831125.0,3
862115.0,3
234620.0,3
311520.0,3
94900.0,3
114210.0,3
328105.0,3
820115.0,3
10115.0,3
620115.0,3
223264.0,3
519920.0,3
318210.0,3
613130.0,3
66200.0,3
991110.0,3
319110.0,3
98200.0,3
848105.0,3
234750.0,3
374410.0,3
239220.0,3
842120.0,3
89300.0,3
811750.0,3
822125.0,3
223133.0,3
213160.0,3
762125.0,3
352315.0,3
261415.0,3
319105.0,3
613205.0,3
841464.0,3
773205.0,3
823320.0,3
234720.0,3
234425.0,3
841428.0,3
318430.0,3
203315.0,3
203005.0,3
241235.0,3
710115.0,3
203025.0,3
632335.0,3
111210.0,3
632505.0,3
252535.0,3
643010.0,3
731115.0,3
991120.0,3
223236.0,2
643005.0,2
341225.0,2
111215.0,2
911135.0,2
782140.0,2
861120.0,2
261620.0,2
213110.0,2
632325.0,2
316335.0,2
223108.0,2
811330.0,2
842305.0,2
234684.0,2
612115.0,2
111205.0,2
720120.0,2
316315.0,2
320110.0,2
214255.0,2
342520.0,2
113005.0,2
516605.0,2
841730.0,2
776405.0,2
203220.0,2
848605.0,2
376255.0,2
715730.0,2
742120.0,2
262820.0,2
223131.0,2
711410.0,2
811320.0,2
711330.0,2
213415.0,2
314710.0,2
214330.0,2
30110.0,2
325310.0,2
251535.0,2
712120.0,2
842215.0,2
377115.0,2
223103.0,2
773130.0,2
848215.0,2
742115.0,2
214230.0,2
768630.0,2
223252.0,2
371405.0,2
762320.0,2
764120.0,2
214520.0,2
242245.0,2
782135.0,2
223109.0,2
410210.0,2
223515.0,2
613125.0,2
73500.0,2
318120.0,2
721420.0,2
203510.0,2
13700.0,2
773125.0,2
312315.0,2
316105.0,2
612120.0,2
768120.0,2
351735.0,2
141120.0,2
201210.0,2
223102.0,2
724425.0,2
122115.0,2
223560.0,2
811205.0,2
352405.0,2
752120.0,2
632110.0,2
111230.0,2
760205.0,2
223224.0,2
841210.0,2
632210.0,2
722230.0,2
253220.0,2
234460.0,2
111305.0,2
821335.0,2
766130.0,2
612205.0,2
316120.0,2
711305.0,2
762105.0,2
985.0,2
223135.0,2
223114.0,2
622620.0,2
314725.0,2
94300.0,2
715520.0,2
223525.0,2
213410.0,2
761235.0,2
773310.0,2
201115.0,2
63800.0,2
516810.0,2
622710.0,2
821230.0,2
731140.0,2
318215.0,2
519945.0,2
122745.0,2
415120.0,2
820210.0,2
861115.0,2
8.0,2
222115.0,2
242225.0,2
213115.0,2
811615.0,1
377215.0,1
811605.0,1
632410.0,1
13500.0,1
811635.0,1
122120.0,1
821240.0,1
811010.0,1
761318.0,1
820120.0,1
213420.0,1
312310.0,1
841448.0,1
203215.0,1
632415.0,1
313405.0,1
722210.0,1
623415.0,1
820110.0,1
811120.0,1
842225.0,1
761360.0,1
643015.0,1
321320.0,1
612510.0,1
122725.0,1
374415.0,1
214735.0,1
761339.0,1
715535.0,1
223216.0,1
213150.0,1
632610.0,1
821310.0,1
776415.0,1
811335.0,1
622735.0,1
213125.0,1
213130.0,1
761420.0,1
811725.0,1
612610.0,1
613415.0,1
612710.0,1
766135.0,1
762115.0,1
223138.0,1
234644.0,1
203320.0,1
761435.0,1
203010.0,1
234755.0,1
111315.0,1
823130.0,1
223152.0,1
761342.0,1
261130.0,1
251235.0,1
113015.0,1
862510.0,1
377210.0,1
811620.0,1
223154.0,1
811625.0,1
612310.0,1
201215.0,1
316340.0,1
631410.0,1
761255.0,1
612615.0,1
823220.0,1
842220.0,1
841444.0,1
832115.0,1
632420.0,1
203415.0,1
992215.0,1
612625.0,1
410.0,1
991205.0,1
622215.0,1
811735.0,1
613105.0,1
377235.0,1
773350.0,1
233220.0,1
768615.0,1
632305.0,1
711240.0,1
842230.0,1
223126.0,1
234215.0,1
762120.0,1
371210.0,1
612620.0,1
214720.0,1
622615.0,1
612415.0,1
782630.0,1
234320.0,1
242230.0,1
623325.0,1
766410.0,1
762330.0,1
261510.0,1
724230.0,1
203115.0,1
223540.0,1
234710.0,1
242215.0,1
251525.0,1
63700.0,1
89000.0,1
842115.0,1
724125.0,1
13300.0,1
621.0,1
6.0,1
821315.0,1
377240.0,1
632315.0,1
21.0,1
451.0,1
841468.0,1
831120.0,1
999.0,1
201220.0,1
193.0,1
632330.0,1
13600.0,1
67200.0,1
954110.0,1
78100.0,1
716220.0,1
214350.0,1
223550.0,1
712130.0,1
52430.0,1
65400.0,1
765215.0,1
13200.0,1
211120.0,1
374115.0,1
223134.0,1
376240.0,1
234608.0,1
612220.0,1
122740.0,1
23900.0,1
23600.0,1
765015.0,1
